<?xml version="1.0" encoding="UTF-8"?>
<GenRun Id="synth_1" LaunchPart="xc7z020clg484-1" LaunchTime="1489247437">
  <File Type="RDS-PROPCONSTRS" Name="designReSecure_wrapper_drc_synth.rpt"/>
  <File Type="PA-TCL" Name="designReSecure_wrapper.tcl"/>
  <File Type="RDS-RDS" Name="designReSecure_wrapper.vds"/>
  <File Type="RDS-UTIL" Name="designReSecure_wrapper_utilization_synth.rpt"/>
  <File Type="RDS-UTIL-PB" Name="designReSecure_wrapper_utilization_synth.pb"/>
  <File Type="RDS-DCP" Name="designReSecure_wrapper.dcp"/>
  <File Type="VDS-TIMINGSUMMARY" Name="designReSecure_wrapper_timing_summary_synth.rpt"/>
  <File Type="VDS-TIMING-PB" Name="designReSecure_wrapper_timing_summary_synth.pb"/>
  <FileSet Name="sources" Type="DesignSrcs" RelSrcDir="$PSRCDIR/sources_1">
    <Filter Type="Srcs"/>
    <File Path="$PSRCDIR/sources_1/bd/designReSecure/designReSecure.bd">
      <FileInfo>
        <Attr Name="UsedIn" Val="synthesis"/>
        <Attr Name="UsedIn" Val="implementation"/>
        <Attr Name="UsedIn" Val="simulation"/>
      </FileInfo>
    </File>
    <File Path="$PSRCDIR/sources_1/bd/designReSecure/hdl/designReSecure_wrapper.v">
      <FileInfo>
        <Attr Name="UsedIn" Val="synthesis"/>
        <Attr Name="UsedIn" Val="implementation"/>
        <Attr Name="UsedIn" Val="simulation"/>
      </FileInfo>
    </File>
    <Config>
      <Option Name="DesignMode" Val="RTL"/>
      <Option Name="TopModule" Val="designReSecure_wrapper"/>
      <Option Name="TopAutoSet" Val="TRUE"/>
    </Config>
  </FileSet>
  <FileSet Name="constrs_in" Type="Constrs" RelSrcDir="$PSRCDIR/constrs_1">
    <Filter Type="Constrs"/>
    <Config>
      <Option Name="ConstrsType" Val="XDC"/>
    </Config>
  </FileSet>
  <Strategy Version="1" Minor="2">
    <StratHandle Name="Vivado Synthesis Defaults" Flow="Vivado Synthesis 2016"/>
    <Step Id="synth_design"/>
  </Strategy>
  <BlockFileSet Type="BlockSrcs" Name="designReSecure_processing_system7_0_0"/>
  <BlockFileSet Type="BlockSrcs" Name="designReSecure_axi_gpio_0_1"/>
  <BlockFileSet Type="BlockSrcs" Name="designReSecure_axi_gpio_1_1"/>
  <BlockFileSet Type="BlockSrcs" Name="designReSecure_xbar_0"/>
  <BlockFileSet Type="BlockSrcs" Name="designReSecure_rst_ps7_0_100M_1"/>
</GenRun>
