<?xml version="1.0"?>
<Runs Version="1" Minor="0">
	<Run Id="designReSecure_processing_system7_0_0_synth_1" LaunchDir="D:/myProgram/Zedboard/Vivado-I2C/ReSecure.runs/designReSecure_processing_system7_0_0_synth_1" FlowId="Vivado_Synthesis" FromStepId="vivado" ToStepId="vivado"/>
	<Run Id="synth_1" LaunchDir="D:/myProgram/Zedboard/Vivado-I2C/ReSecure.runs/synth_1" FlowId="Vivado_Synthesis" FromStepId="vivado" ToStepId="vivado">
		<Parent Id="designReSecure_processing_system7_0_0_synth_1"/>
	</Run>
	<Run Id="impl_1" LaunchDir="D:/myProgram/Zedboard/Vivado-I2C/ReSecure.runs/impl_1" FlowId="Vivado_Implementation" FromStepId="init_design" ToStepId="write_bitstream">
		<Parent Id="synth_1"/>
		<Parent Id="designReSecure_processing_system7_0_0_synth_1"/>
	</Run>
</Runs>

